Date, Close/Last, Volume, Open, High, Low
01/20/2021, $2.56, 2045272, $2.57, $2.69, $2.5
01/19/2021, $2.5, 2018639, $2.51, $2.55, $2.423
01/15/2021, $2.47, 1477735, $2.61, $2.65, $2.46
01/14/2021, $2.57, 1533637, $2.49, $2.62, $2.47
01/13/2021, $2.47, 913039, $2.47, $2.55, $2.43
01/12/2021, $2.46, 749006, $2.48, $2.51, $2.44
01/11/2021, $2.45, 1081758, $2.43, $2.52, $2.34
01/08/2021, $2.42, 1093514, $2.49, $2.56, $2.4
01/07/2021, $2.5, 1162893, $2.46, $2.51, $2.39
01/06/2021, $2.42, 1614176, $2.5, $2.54, $2.38
01/05/2021, $2.49, 1131399, $2.45, $2.52, $2.39
01/04/2021, $2.43, 1258022, $2.34, $2.46, $2.27
12/31/2020, $2.31, 1028496, $2.38, $2.4, $2.29
12/30/2020, $2.38, 1556548, $2.28, $2.48, $2.28
12/29/2020, $2.28, 2744476, $2.42, $2.42, $2.25
12/28/2020, $2.42, 3012539, $2.63, $2.631, $2.37
12/24/2020, $2.61, 595195, $2.69, $2.705, $2.6
12/23/2020, $2.69, 1209603, $2.67, $2.72, $2.6
12/22/2020, $2.62, 1451526, $2.64, $2.7, $2.57
12/21/2020, $2.62, 2217902, $2.71, $2.71, $2.52
12/18/2020, $2.65, 3005751, $2.81, $2.86, $2.65
12/17/2020, $2.82, 2012927, $2.75, $2.85, $2.67
12/16/2020, $2.75, 3122396, $2.62, $2.82, $2.5916
12/15/2020, $2.58, 1983089, $2.66, $2.68, $2.5
12/14/2020, $2.64, 2109800, $2.59, $2.71, $2.57
12/11/2020, $2.56, 1705943, $2.64, $2.65, $2.53
12/10/2020, $2.62, 2517060, $2.5, $2.62, $2.47
12/09/2020, $2.49, 3280727, $2.57, $2.66, $2.46
12/08/2020, $2.56, 3195688, $2.59, $2.63, $2.52
12/07/2020, $2.58, 3618615, $2.7, $2.79, $2.57
12/04/2020, $2.68, 4293236, $2.69, $2.7, $2.6001
12/03/2020, $2.69, 8959850, $2.97, $3, $2.6
12/02/2020, $2.935, 12523990, $3.156, $3.28, $2.9
12/01/2020, $6.65, 2320413, $6.97, $6.98, $6.52
11/30/2020, $6.84, 953304, $6.32, $6.92, $6.3
11/27/2020, $6.29, 502239, $6.08, $6.3, $6.08
11/25/2020, $5.99, 414510, $6.16, $6.2191, $5.9027
11/24/2020, $6.12, 590781, $6.15, $6.29, $6
11/23/2020, $6.12, 522501, $6.13, $6.35, $6.1
11/20/2020, $6.14, 385572, $6.07, $6.17, $5.86
11/19/2020, $6.11, 410061, $6, $6.38, $6
11/18/2020, $6.01, 498723, $6.07, $6.2, $5.92
11/17/2020, $6.05, 558192, $5.95, $6.08, $5.8195
11/16/2020, $6, 701675, $6.13, $6.23, $5.7
11/13/2020, $6.04, 1629563, $5.55, $6.4307, $5.52
11/12/2020, $5.42, 601024, $5.15, $5.53, $5.15
11/11/2020, $5.08, 725908, $5.16, $5.2499, $4.95
11/10/2020, $5.15, 455319, $5.2, $5.24, $4.94
11/09/2020, $5.11, 617001, $5.23, $5.46, $4.9
11/06/2020, $4.98, 668917, $5.26, $5.3, $4.955
11/05/2020, $5.31, 742256, $5.4, $5.4, $5.05
11/04/2020, $5.37, 895597, $5.18, $5.48, $5.04
11/03/2020, $5.15, 623115, $5.02, $5.24, $4.93
11/02/2020, $4.94, 543711, $5.13, $5.21, $4.82
10/30/2020, $5.11, 372441, $5.25, $5.25, $5.04
10/29/2020, $5.25, 330379, $5.13, $5.27, $5.02
10/28/2020, $5.16, 562262, $5.43, $5.45, $5.04
10/27/2020, $5.61, 453335, $5.29, $5.69, $5.23
10/26/2020, $5.31, 789341, $5.32, $5.48, $5.15
10/23/2020, $5.34, 473409, $5.37, $5.43, $5.25
10/22/2020, $5.37, 336792, $5.27, $5.42, $5.23
10/21/2020, $5.23, 338061, $5.34, $5.39, $5.19
10/20/2020, $5.36, 356006, $5.53, $5.64, $5.3
10/19/2020, $5.5, 324979, $5.55, $5.6793, $5.46
10/16/2020, $5.52, 714417, $5.66, $5.7, $5.42
10/15/2020, $5.69, 302450, $5.6, $5.75, $5.46
10/14/2020, $5.69, 467533, $5.82, $5.8607, $5.58
10/13/2020, $5.75, 568246, $5.51, $5.82, $5.51
10/12/2020, $5.54, 785824, $5.74, $5.78, $5.46
10/09/2020, $5.65, 576282, $5.83, $5.89, $5.6
10/08/2020, $5.83, 584028, $6.15, $6.26, $5.81
10/07/2020, $6.17, 663390, $6.02, $6.22, $6.02
10/06/2020, $5.99, 341004, $6.1, $6.24, $5.98
10/05/2020, $6.07, 561732, $5.89, $6.1055, $5.78
10/02/2020, $5.76, 595269, $5.85, $5.99, $5.76
10/01/2020, $6.05, 1060040, $5.84, $6.275, $5.75
09/30/2020, $5.74, 1623686, $6.05, $6.05, $5.61
09/29/2020, $5.98, 324695, $5.81, $6.04, $5.73
09/28/2020, $5.89, 423848, $5.9, $5.925, $5.63
09/25/2020, $5.825, 426848, $5.6, $5.88, $5.56
09/24/2020, $5.6, 672361, $5.7, $5.79, $5.42
09/23/2020, $5.8, 583835, $6.23, $6.25, $5.79
09/22/2020, $6.15, 465103, $6.21, $6.2622, $5.86
09/21/2020, $6.16, 615396, $6.55, $6.58, $6.11
09/18/2020, $6.69, 700452, $6.74, $6.9, $6.55
09/17/2020, $6.69, 440195, $6.51, $6.72, $6.41
09/16/2020, $6.62, 583470, $6.45, $6.8, $6.33
09/15/2020, $6.41, 885758, $6.36, $6.639, $6.21
09/14/2020, $6.235, 895406, $5.8, $6.28, $5.8
09/11/2020, $5.71, 564370, $5.76, $5.93, $5.63
09/10/2020, $5.67, 460549, $5.72, $5.92, $5.66
09/09/2020, $5.72, 476911, $5.55, $5.75, $5.49
09/08/2020, $5.5, 565825, $5.48, $5.68, $5.29
09/04/2020, $5.48, 984670, $5.41, $5.6, $5.03
09/03/2020, $5.45, 614968, $5.59, $5.69, $5.33
09/02/2020, $5.69, 952853, $5.48, $5.87, $5.41
09/01/2020, $5.39, 1173364, $5.71, $5.8, $5.3101
08/31/2020, $5.74, 1230822, $6.06, $6.07, $5.63
08/28/2020, $5.84, 2185592, $5.7, $6.05, $5.51
08/27/2020, $5.69, 2267393, $6.08, $6.15, $5.61
08/26/2020, $6.06, 5181525, $6.3, $6.33, $5.66
08/25/2020, $6.335, 13667450, $7.86, $7.89, $6.1
08/24/2020, $6.37, 1431883, $7.71, $7.74, $6.33
08/21/2020, $7.655, 680698, $7.99, $7.99, $7.5393
08/20/2020, $7.91, 577443, $8.16, $8.3398, $7.83
08/19/2020, $8.24, 562372, $8.05, $8.37, $7.87
08/18/2020, $8.1, 686464, $8, $8.14, $7.74
08/17/2020, $8, 846868, $7.52, $8.17, $7.41
08/14/2020, $7.5, 581766, $7.56, $7.73, $7.35
08/13/2020, $7.57, 613473, $7.64, $7.75, $7.27
08/12/2020, $7.645, 1193237, $7.06, $7.76, $6.9997
08/11/2020, $7.02, 507388, $7.1, $7.42, $6.76
08/10/2020, $7.14, 896575, $7.22, $7.445, $6.76
08/07/2020, $7.19, 574417, $6.9, $7.3, $6.8105
08/06/2020, $6.93, 423563, $7.07, $7.14, $6.81
08/05/2020, $7.08, 505242, $6.96, $7.15, $6.77
08/04/2020, $6.85, 386415, $6.75, $6.885, $6.53
08/03/2020, $6.77, 514102, $6.56, $6.8, $6.41
07/31/2020, $6.45, 507833, $6.62, $6.65, $6.27
07/30/2020, $6.6, 689973, $6.12, $6.66, $6.09
07/29/2020, $6.32, 851242, $6.46, $6.58, $6.04
07/28/2020, $6.42, 438757, $6.75, $6.78, $6.41
07/27/2020, $6.81, 410428, $6.77, $6.94, $6.64
07/24/2020, $6.62, 629006, $6.75, $6.8299, $6.4
07/23/2020, $6.88, 702085, $7.08, $7.27, $6.81
07/22/2020, $7.07, 625637, $7.26, $7.26, $6.98
07/21/2020, $7.2, 711560, $7.33, $7.44, $7.15
07/20/2020, $7.38, 478150, $7.27, $7.46, $7.23
07/17/2020, $7.27, 644267, $7.21, $7.41, $7.1
07/16/2020, $7.21, 576164, $7.25, $7.33, $7.05
07/15/2020, $7.35, 782012, $7.58, $7.6, $7.08
07/14/2020, $7.39, 1017895, $7.18, $7.39, $6.97
07/13/2020, $7, 2008841, $7.66, $8.2, $6.95
07/10/2020, $7.47, 594067, $7.78, $7.92, $7.41
07/09/2020, $7.81, 730306, $7.89, $8.21, $7.66
07/08/2020, $7.83, 847248, $7.5, $7.87, $7.38
07/07/2020, $7.46, 938451, $7.07, $7.6, $7.0101
07/06/2020, $7.15, 653137, $7.27, $7.28, $6.92
07/02/2020, $7.19, 814364, $7.55, $7.57, $7.04
07/01/2020, $7.31, 1281948, $7.4, $7.48, $7.0301
06/30/2020, $7.37, 2418509, $7.62, $7.88, $7.17
06/29/2020, $7.68, 1104798, $7.66, $8.0193, $7.44
06/26/2020, $7.71, 6583213, $7.86, $8.0999, $7.52
06/25/2020, $7.89, 2504068, $7.75, $8.26, $7.1
06/24/2020, $7.91, 2643817, $7.02, $8.04, $6.94
06/23/2020, $7.04, 1521957, $7.02, $7.46, $6.9
06/22/2020, $7.27, 2855561, $7.15, $7.55, $6.6
06/19/2020, $7.4, 8845396, $8.81, $9.4, $7.09
06/18/2020, $7.37, 13272920, $5.75, $7.8, $5.7201
06/17/2020, $5.43, 518065, $5.48, $5.533, $5.28
06/16/2020, $5.475, 971251, $5.74, $5.76, $5.35
06/15/2020, $5.67, 960635, $5.12, $5.67, $5.0701
06/12/2020, $5.25, 824609, $5.11, $5.45, $5.06
06/11/2020, $4.83, 1281997, $5.29, $5.39, $4.82
06/10/2020, $5.48, 568677, $5.37, $5.575, $5.29
06/09/2020, $5.36, 580103, $5.41, $5.43, $5.16
06/08/2020, $5.44, 752023, $5.35, $5.52, $5.26
06/05/2020, $5.29, 1376789, $5.6, $5.8, $5.27
06/04/2020, $5.44, 987385, $5.2, $5.5974, $5.18
06/03/2020, $5.31, 1050278, $5.66, $5.69, $5.21
06/02/2020, $5.53, 1219467, $5.34, $5.65, $5.26
06/01/2020, $5.34, 1072573, $5.4, $5.48, $5.2
05/29/2020, $5.35, 941471, $5.41, $5.74, $5.2313
05/28/2020, $5.255, 1296772, $5.99, $6, $5.15
05/27/2020, $5.73, 3710008, $6.77, $6.84, $5.01
05/26/2020, $6.69, 4543404, $6.19, $7.21, $6.19
05/22/2020, $5.85, 2481437, $5.15, $6.11, $5.15
05/21/2020, $5.09, 2586786, $4.8, $5.83, $4.8
05/20/2020, $4.75, 689906, $4.5, $4.77, $4.5
05/19/2020, $4.44, 790100, $4.14, $4.58, $4.14
05/18/2020, $4.17, 555949, $4.18, $4.35, $4.12
05/15/2020, $4.11, 517037, $4.05, $4.25, $3.9539
05/14/2020, $4.11, 443277, $4.2, $4.34, $3.99
05/13/2020, $4.18, 871848, $4.21, $4.48, $3.87
05/12/2020, $4.07, 976480, $4, $4.205, $3.9575
05/11/2020, $3.94, 1365419, $3.66, $4.1854, $3.66
05/08/2020, $3.67, 785883, $3.65, $3.745, $3.56
05/07/2020, $3.52, 1703265, $3.77, $3.9399, $3.35
05/06/2020, $3.68, 329072, $3.72, $3.77, $3.63
05/05/2020, $3.66, 414312, $3.65, $3.78, $3.62
05/04/2020, $3.51, 621707, $3.4, $3.75, $3.33
05/01/2020, $3.32, 475963, $3.66, $3.72, $3.25
04/30/2020, $3.64, 617160, $3.94, $4.09, $3.625
04/29/2020, $3.82, 525243, $3.79, $3.98, $3.7
04/28/2020, $3.67, 394189, $3.84, $3.86, $3.52
04/27/2020, $3.61, 1269917, $3.5, $4.05, $3.46
04/24/2020, $3.41, 212579, $3.41, $3.5, $3.35
04/23/2020, $3.36, 231047, $3.48, $3.5, $3.29
04/22/2020, $3.4, 225528, $3.3, $3.41, $3.2125
04/21/2020, $3.18, 448609, $3.49, $3.51, $3.13
04/20/2020, $3.46, 436209, $3.44, $3.6, $3.41
04/17/2020, $3.4, 323792, $3.6, $3.62, $3.37
04/16/2020, $3.47, 288992, $3.39, $3.5, $3.31
04/15/2020, $3.39, 459625, $3.54, $3.63, $3.2
04/14/2020, $3.48, 879204, $3.25, $3.6299, $3.21
04/13/2020, $3.15, 577073, $2.94, $3.3399, $2.91
04/09/2020, $2.84, 458918, $2.93, $3.0401, $2.81
04/08/2020, $2.83, 270354, $2.85, $2.92, $2.77
04/07/2020, $2.79, 238869, $2.91, $3, $2.73
04/06/2020, $2.86, 293909, $2.86, $2.98, $2.77
04/03/2020, $2.77, 212322, $2.88, $2.94, $2.62
04/02/2020, $2.88, 196499, $2.67, $2.915, $2.64
04/01/2020, $2.67, 246832, $2.98, $2.98, $2.66
03/31/2020, $2.98, 247524, $2.83, $2.98, $2.8
03/30/2020, $2.88, 598594, $3.01, $3.09, $2.46
03/27/2020, $2.89, 735735, $2.84, $3.07, $2.72
03/26/2020, $2.85, 558037, $2.61, $2.98, $2.61
03/25/2020, $2.61, 468468, $2.54, $2.86, $2.54
03/24/2020, $2.52, 1301999, $2.54, $2.67, $2.425
03/23/2020, $2.42, 456738, $2.26, $2.52, $2.23
03/20/2020, $2.29, 648579, $2.17, $2.45, $2.17
03/19/2020, $2.16, 661659, $2.02, $2.3, $1.92
03/18/2020, $2.03, 916095, $2.27, $2.4108, $1.9
03/17/2020, $2.38, 872877, $2.18, $2.69, $2.04
03/16/2020, $2.11, 765581, $2.15, $2.19, $1.8
03/13/2020, $2.25, 720062, $2.4, $2.43, $2.05
03/12/2020, $2.25, 1160405, $2.37, $2.47, $1.9138
03/11/2020, $2.68, 1058768, $3.08, $3.15, $2.51
03/10/2020, $3.08, 556391, $3.04, $3.15, $2.83
03/09/2020, $2.92, 458996, $2.96, $3.0261, $2.84
03/06/2020, $3.16, 617944, $3.5, $3.5626, $3.115
03/05/2020, $3.5, 498015, $3.52, $3.64, $3.36
03/04/2020, $3.53, 658163, $3.26, $3.5599, $3.24
03/03/2020, $3.18, 516472, $3.35, $3.4198, $3.15
03/02/2020, $3.33, 776716, $3.35, $3.399, $3.06
02/28/2020, $3.28, 602167, $3, $3.28, $2.92
02/27/2020, $3.12, 502574, $3.11, $3.33, $3.0152
02/26/2020, $3.23, 604425, $3.28, $3.33, $3.07
02/25/2020, $3.26, 1248250, $3.45, $3.51, $3.24
02/24/2020, $3.46, 653324, $3.43, $3.5, $3.37
02/21/2020, $3.54, 351331, $3.62, $3.65, $3.51
02/20/2020, $3.65, 694432, $3.58, $3.67, $3.55
02/19/2020, $3.62, 815261, $3.81, $3.84, $3.5
02/18/2020, $3.79, 710040, $3.85, $3.97, $3.71
02/14/2020, $3.82, 723662, $4.11, $4.15, $3.785
02/13/2020, $4.13, 624947, $4.3, $4.38, $4.02
02/12/2020, $4.35, 841871, $3.99, $4.48, $3.99
02/11/2020, $3.97, 354171, $3.81, $3.99, $3.745
02/10/2020, $3.79, 305383, $3.84, $3.93, $3.75
02/07/2020, $3.83, 342837, $3.92, $3.95, $3.75
02/06/2020, $3.94, 446978, $3.97, $4.01, $3.75
02/05/2020, $3.99, 692191, $3.65, $4.05, $3.62
02/04/2020, $3.65, 414629, $3.59, $3.69, $3.51
02/03/2020, $3.64, 260027, $3.66, $3.7099, $3.54
01/31/2020, $3.6, 752343, $3.4, $3.71, $3.39
01/30/2020, $3.43, 497811, $3.53, $3.63, $3.3702
01/29/2020, $3.59, 388055, $3.43, $3.59, $3.35
01/28/2020, $3.38, 423669, $3.48, $3.585, $3.29
01/27/2020, $3.43, 380785, $3.46, $3.52, $3.28
01/24/2020, $3.55, 363837, $3.65, $3.65, $3.5
01/23/2020, $3.65, 248492, $3.85, $3.85, $3.6237
01/22/2020, $3.86, 538841, $3.9, $3.9, $3.68
01/21/2020, $3.85, 577310, $4, $4, $3.77
01/17/2020, $3.96, 484572, $3.96, $4.05, $3.84
01/16/2020, $3.9, 668249, $3.76, $4.02, $3.73
01/15/2020, $3.63, 468531, $3.63, $3.78, $3.54
01/14/2020, $3.6, 540770, $3.55, $3.72, $3.345
01/13/2020, $3.49, 859074, $3.87, $3.91, $3.46
01/10/2020, $3.85, 480602, $4.05, $4.05, $3.84
01/09/2020, $4.05, 361707, $4.11, $4.23, $4.01
01/08/2020, $4.03, 368728, $4.12, $4.17, $3.99
01/07/2020, $4.12, 510105, $4.01, $4.17, $3.96
01/06/2020, $3.92, 874426, $3.89, $4, $3.68
01/03/2020, $3.88, 843006, $4.06, $4.18, $3.86
01/02/2020, $4.1, 770367, $4.22, $4.3, $4.01
12/31/2019, $4.15, 1265870, $4.34, $4.45, $4.02
12/30/2019, $4.36, 694759, $4.65, $4.68, $4.32
12/27/2019, $4.61, 1062498, $4.95, $5.03, $4.5
12/26/2019, $4.92, 1201156, $5.09, $5.24, $4.86
12/24/2019, $5.06, 1039575, $4.8, $5.2, $4.79
12/23/2019, $4.79, 4306079, $4.53, $4.79, $4.47
12/20/2019, $4.52, 751264, $4.37, $4.52, $4.22
12/19/2019, $4.37, 763053, $4.48, $4.56, $4.25
12/18/2019, $4.42, 878615, $4.51, $4.54, $4.28
12/17/2019, $4.45, 1679921, $4.15, $4.65, $4.06
12/16/2019, $4.15, 644189, $4.03, $4.2, $3.99
12/13/2019, $4.03, 573907, $4.09, $4.17, $3.97
12/12/2019, $4.1, 573484, $4.19, $4.23, $4.07
12/11/2019, $4.15, 583705, $4.32, $4.33, $4
12/10/2019, $4.32, 917002, $4.04, $4.435, $4.03
12/09/2019, $4.03, 363267, $4.05, $4.12, $4
12/06/2019, $4.01, 387195, $4.05, $4.15, $3.98
12/05/2019, $3.99, 772468, $4.06, $4.08, $3.59
12/04/2019, $4.02, 546711, $4.03, $4.14, $3.96
12/03/2019, $4.01, 783438, $4.1, $4.2, $3.85
12/02/2019, $4.23, 1553015, $4.28, $4.4447, $3.89
11/29/2019, $4.26, 1209300, $3.81, $4.4, $3.77
11/27/2019, $3.72, 1378130, $3.13, $3.895, $3.04
11/26/2019, $3.12, 456127, $3.06, $3.19, $2.98
11/25/2019, $3.05, 390016, $2.8, $3.13, $2.8
11/22/2019, $2.8, 436457, $2.72, $2.9, $2.72
11/21/2019, $2.68, 241599, $2.71, $2.85, $2.62
11/20/2019, $2.71, 444851, $2.93, $2.99, $2.67
11/19/2019, $2.89, 722991, $2.78, $3, $2.775
11/18/2019, $2.76, 314779, $2.6, $2.77, $2.54
11/15/2019, $2.59, 334087, $2.55, $2.66, $2.512
11/14/2019, $2.54, 420619, $2.46, $2.59, $2.44
11/13/2019, $2.43, 297918, $2.47, $2.52, $2.4
11/12/2019, $2.47, 410514, $2.52, $2.52, $2.35
11/11/2019, $2.56, 424553, $2.55, $2.65, $2.52
11/08/2019, $2.55, 4374554, $2.6, $2.69, $2.5
11/07/2019, $2.6, 220504, $2.62, $2.6802, $2.6
11/06/2019, $2.61, 210820, $2.76, $2.79, $2.6
11/05/2019, $2.72, 477986, $2.84, $2.87, $2.53
11/04/2019, $2.83, 711130, $2.48, $2.9, $2.47
11/01/2019, $2.46, 595416, $2.35, $2.54, $2.33
10/31/2019, $2.31, 684450, $2.28, $2.34, $2.22
10/30/2019, $2.25, 183448, $2.24, $2.27, $2.19
10/29/2019, $2.23, 291687, $2.24, $2.28, $2.2056
10/28/2019, $2.24, 348712, $2.1, $2.26, $2.1
10/25/2019, $2.1, 498641, $2.09, $2.21, $2.09
10/24/2019, $2.08, 254219, $2.15, $2.22, $2.07
10/23/2019, $2.18, 243288, $2.23, $2.26, $2.1718
10/22/2019, $2.23, 255232, $2.18, $2.27, $2.16
10/21/2019, $2.15, 300327, $2.32, $2.32, $2.13
10/18/2019, $2.31, 161873, $2.4, $2.44, $2.3
10/17/2019, $2.39, 172446, $2.37, $2.45, $2.37
10/16/2019, $2.37, 217729, $2.38, $2.428, $2.33
10/15/2019, $2.39, 351507, $2.42, $2.47, $2.38
10/14/2019, $2.4, 455545, $2.26, $2.45, $2.26
10/11/2019, $2.29, 415867, $2.2, $2.3, $2.09
10/10/2019, $2.13, 265913, $2.19, $2.27, $2.12
10/09/2019, $2.19, 595327, $2.43, $2.43, $2.13
10/08/2019, $2.44, 539399, $2.38, $2.455, $2.32
10/07/2019, $2.4, 478404, $2.35, $2.44, $2.3301
10/04/2019, $2.395, 4450814, $2.4, $2.47, $2.35
10/03/2019, $3.27, 355402, $3.1, $3.3, $3.05
10/02/2019, $3.13, 311295, $3.11, $3.16, $2.96
10/01/2019, $3.17, 153644, $3.25, $3.3518, $3.08
09/30/2019, $3.24, 247625, $3.1, $3.27, $3.06
09/27/2019, $3.09, 778732, $3.28, $3.2988, $3.03
09/26/2019, $3.37, 2516596, $3.45, $3.97, $3.24
09/25/2019, $3.51, 3084603, $3.05, $3.59, $2.893
09/24/2019, $3.1, 8259734, $2.6, $3.48, $2.6
09/23/2019, $2.47, 199368, $2.3, $2.5, $2.3
09/20/2019, $2.24, 351267, $2.24, $2.29, $2.18
09/19/2019, $2.25, 93746, $2.26, $2.2804, $2.17
09/18/2019, $2.26, 118312, $2.36, $2.36, $2.26
09/17/2019, $2.36, 97912, $2.48, $2.48, $2.33
09/16/2019, $2.49, 78960, $2.41, $2.49, $2.368
09/13/2019, $2.38, 116700, $2.47, $2.59, $2.37
09/12/2019, $2.47, 172819, $2.63, $2.69, $2.35
09/11/2019, $2.53, 498634, $2.42, $2.7, $2.3423
09/10/2019, $2.38, 357663, $2.11, $2.56, $2.09
09/09/2019, $2.14, 117058, $2.23, $2.23, $2.1
09/06/2019, $2.17, 266269, $1.96, $2.22, $1.8762
09/05/2019, $1.91, 266432, $1.99, $2, $1.8401
09/04/2019, $1.99, 1053410, $2, $2.25, $1.82
09/03/2019, $1.76, 64338, $1.77, $1.84, $1.74
08/30/2019, $1.77, 120116, $1.81, $1.82, $1.76
08/29/2019, $1.8, 105248, $1.85, $1.9, $1.76
08/28/2019, $1.79, 191172, $1.89, $1.9, $1.76
08/27/2019, $1.88, 46098, $2, $2.05, $1.85
08/26/2019, $1.95, 598090, $1.97, $2.02, $1.94
08/23/2019, $1.92, 59711, $2.03, $2.11, $1.91
08/22/2019, $2.04, 163425, $2.16, $2.26, $2.02
08/21/2019, $2.16, 16902, $2.17, $2.17, $2.12
08/20/2019, $2.15, 49432, $2.0715, $2.23, $2.0715
08/19/2019, $2.12, 101216, $1.98, $2.2, $1.98
08/16/2019, $1.93, 100750, $1.881, $1.99, $1.8614
08/15/2019, $1.86, 222194, $1.87, $2.07, $1.85
08/14/2019, $1.87, 63780, $1.93, $2, $1.86
08/13/2019, $1.98, 80840, $1.83, $2, $1.83
08/12/2019, $1.84, 43299, $1.89, $1.89, $1.82
08/09/2019, $1.88, 75151, $1.91, $1.94, $1.85
08/08/2019, $1.9, 122880, $1.93, $1.96, $1.88
08/07/2019, $1.91, 52289, $1.93, $1.96, $1.88
08/06/2019, $1.94, 104323, $1.92, $2, $1.85
08/05/2019, $1.91, 216318, $1.94, $1.96, $1.75
08/02/2019, $2, 133492, $2.05, $2.0833, $2
08/01/2019, $2.06, 100065, $2.05, $2.1197, $2.04
07/31/2019, $2.04, 176722, $2.11, $2.2, $2.04
07/30/2019, $2.1, 101843, $2.1, $2.12, $2.06
07/29/2019, $2.09, 118841, $2.13, $2.13, $2.035
07/26/2019, $2.12, 96905, $2.1, $2.16, $2.0878
07/25/2019, $2.11, 206856, $2.21, $2.21, $2.05
07/24/2019, $2.2, 190226, $2.16, $2.2588, $2.12
07/23/2019, $2.17, 157919, $2.22, $2.2491, $2.11
07/22/2019, $2.2, 194616, $2.37, $2.3761, $2.16
07/19/2019, $2.35, 108192, $2.48, $2.4974, $2.35
07/18/2019, $2.44, 259088, $2.23, $2.48, $2.23
07/17/2019, $2.24, 267738, $2.33, $2.39, $2.2
07/16/2019, $2.37, 216446, $2.57, $2.6, $2.37
07/15/2019, $2.57, 158936, $2.59, $2.65, $2.51
07/12/2019, $2.56, 264901, $2.77, $2.78, $2.56
07/11/2019, $2.77, 496138, $2.79, $2.95, $2.76
07/10/2019, $2.8, 391209, $2.75, $2.83, $2.7
07/09/2019, $2.71, 166611, $2.67, $2.78, $2.6402
07/08/2019, $2.71, 418275, $2.72, $2.84, $2.59
07/05/2019, $2.71, 545214, $2.6, $2.76, $2.55
07/03/2019, $2.59, 589908, $2.41, $2.6, $2.08
07/02/2019, $2.52, 4256784, $2.37, $2.8, $2.35
07/01/2019, $2.31, 1278908, $1.91, $2.39, $1.9
06/28/2019, $1.85, 1484081, $1.88, $1.88, $1.77
06/27/2019, $1.84, 252276, $1.85, $1.87, $1.78
06/26/2019, $1.78, 171294, $1.83, $1.91, $1.775
06/25/2019, $1.82, 98528, $1.78, $1.83, $1.7401
06/24/2019, $1.76, 153346, $1.84, $1.84, $1.71
06/21/2019, $1.81, 164349, $1.83, $1.83, $1.75
06/20/2019, $1.88, 270926, $1.78, $1.95, $1.76
06/19/2019, $1.78, 294647, $1.91, $1.91, $1.75
06/18/2019, $1.93, 452134, $1.75, $1.95, $1.75
06/17/2019, $1.69, 138168, $1.78, $1.79, $1.67
06/14/2019, $1.77, 132770, $1.75, $1.78, $1.6894
06/13/2019, $1.74, 167889, $1.66, $1.76, $1.5911
06/12/2019, $1.64, 163857, $1.62, $1.67, $1.53
06/11/2019, $1.64, 56627, $1.66, $1.68, $1.601
06/10/2019, $1.65, 142704, $1.62, $1.675, $1.58
06/07/2019, $1.6, 164051, $1.6, $1.61, $1.555
06/06/2019, $1.61, 121243, $1.63, $1.65, $1.53
06/05/2019, $1.6, 103030, $1.69, $1.69, $1.6
06/04/2019, $1.68, 124218, $1.7, $1.7, $1.63
06/03/2019, $1.68, 250011, $1.62, $1.685, $1.5755
05/31/2019, $1.6, 155149, $1.58, $1.61, $1.5522
05/30/2019, $1.59, 132844, $1.7, $1.7, $1.58
05/29/2019, $1.69, 244717, $1.62, $1.7, $1.55
05/28/2019, $1.61, 169611, $1.71, $1.73, $1.6
05/24/2019, $1.7, 198726, $1.67, $1.77, $1.66
05/23/2019, $1.65, 201339, $1.61, $1.67, $1.6
05/22/2019, $1.64, 239204, $1.71, $1.72, $1.64
05/21/2019, $1.72, 144562, $1.72, $1.76, $1.695
05/20/2019, $1.73, 123780, $1.75, $1.76, $1.6836
05/17/2019, $1.75, 227008, $1.75, $1.79, $1.72
05/16/2019, $1.75, 392751, $1.73, $1.78, $1.67
05/15/2019, $1.74, 272601, $1.66, $1.77, $1.61
05/14/2019, $1.66, 550545, $1.68, $1.6891, $1.56
05/13/2019, $1.66, 329935, $1.73, $1.75, $1.63
05/10/2019, $1.71, 517616, $1.7, $1.73, $1.64
05/09/2019, $1.71, 810415, $1.84, $1.84, $1.68
05/08/2019, $1.84, 717447, $1.89, $1.89, $1.79
05/07/2019, $1.89, 2106518, $2.05, $2.08, $1.8
05/06/2019, $2.14, 8717783, $2, $2.25, $1.96
05/03/2019, $1.83, 450980, $1.82, $1.839, $1.75
05/02/2019, $1.79, 521320, $1.87, $1.8799, $1.72
05/01/2019, $1.85, 1418607, $2.04, $2.04, $1.75
04/30/2019, $2.04, 1059048, $2.07, $2.13, $1.9
04/29/2019, $2.05, 1115140, $1.95, $2.12, $1.9413
04/26/2019, $1.93, 213109, $1.95, $1.95, $1.89
04/25/2019, $1.95, 213949, $1.96, $1.96, $1.9
04/24/2019, $1.95, 411690, $1.98, $1.98, $1.88
04/23/2019, $1.96, 1674653, $1.83, $1.98, $1.83
04/22/2019, $1.8, 664412, $1.8, $1.88, $1.76
04/18/2019, $1.77, 401832, $1.78, $1.82, $1.7
04/17/2019, $1.79, 1267565, $1.85, $1.9105, $1.75
04/16/2019, $1.83, 277701, $1.83, $1.87, $1.77
04/15/2019, $1.83, 667741, $1.82, $1.86, $1.66
04/12/2019, $1.83, 480810, $1.84, $1.88, $1.75
04/11/2019, $1.84, 1082700, $1.87, $2.06, $1.82
04/10/2019, $1.85, 243770, $1.87, $1.9299, $1.82
04/09/2019, $1.87, 736492, $1.91, $2, $1.86
04/08/2019, $1.88, 266887, $1.89, $1.8909, $1.8
04/05/2019, $1.86, 202519, $1.86, $1.88, $1.8
04/04/2019, $1.86, 545247, $1.94, $1.97, $1.83
04/03/2019, $1.92, 437866, $1.92, $1.9499, $1.8
04/02/2019, $1.94, 2686007, $2.13, $2.2, $1.91
04/01/2019, $1.76, 104191, $1.8, $1.83, $1.74
03/29/2019, $1.77, 73255, $1.82, $1.8813, $1.77
03/28/2019, $1.8, 60566, $1.79, $1.8999, $1.7718
03/27/2019, $1.82, 186337, $1.79, $1.84, $1.7
03/26/2019, $1.78, 129926, $1.88, $1.88, $1.77
03/25/2019, $1.87, 85397, $1.9, $1.9, $1.8
03/22/2019, $1.89, 134305, $1.93, $1.96, $1.83
03/21/2019, $1.95, 101087, $1.9, $1.99, $1.89
03/20/2019, $1.9, 144084, $2, $2, $1.86
03/19/2019, $1.97, 52125, $1.95, $2, $1.93
03/18/2019, $1.95, 368941, $1.89, $1.99, $1.8
03/15/2019, $1.91, 321528, $1.92, $1.9739, $1.83
03/14/2019, $1.92, 184564, $1.97, $2.01, $1.92
03/13/2019, $1.98, 180524, $2, $2.04, $1.95
03/12/2019, $2, 276193, $1.95, $2.0502, $1.95
03/11/2019, $1.94, 88953, $1.96, $2.01, $1.89
03/08/2019, $1.94, 130473, $2, $2.04, $1.86
03/07/2019, $1.99, 73086, $1.99, $2.04, $1.95
03/06/2019, $1.98, 208312, $2.05, $2.07, $1.93
03/05/2019, $2.03, 238282, $2.08, $2.09, $1.99
03/04/2019, $2.06, 202670, $2.05, $2.09, $2
03/01/2019, $2.03, 777343, $2.09, $2.11, $1.9915
02/28/2019, $2.06, 195050, $2.07, $2.1, $2.01
02/27/2019, $2.06, 186034, $2.05, $2.1, $1.99
02/26/2019, $2.05, 533448, $1.94, $2.09, $1.8665
02/25/2019, $1.93, 438146, $1.92, $1.94, $1.85
02/22/2019, $1.89, 723524, $1.86, $1.94, $1.8
02/21/2019, $1.81, 756586, $1.87, $1.9, $1.77
02/20/2019, $1.85, 3105901, $1.85, $1.9, $1.72
02/19/2019, $2.57, 77641, $2.51, $2.81, $2.4525
02/15/2019, $2.5, 87056, $2.33, $2.55, $2.33
02/14/2019, $2.3, 50653, $2.47, $2.71, $2.3
02/13/2019, $2.47, 46366, $2.63, $2.7, $2.45
02/12/2019, $2.62, 27782, $2.59, $2.62, $2.51
02/11/2019, $2.56, 23198, $2.62, $2.62, $2.48
02/08/2019, $2.59, 19810, $2.63, $2.76, $2.55
02/07/2019, $2.63, 62277, $2.71, $2.71, $2.56
02/06/2019, $2.63, 37335, $2.7, $2.81, $2.59
02/05/2019, $2.56, 224580, $2.87, $2.94, $2.5209
02/04/2019, $2.89, 99150, $3, $3.09, $2.83
02/01/2019, $3.04, 49271, $3, $3.14, $2.97
01/31/2019, $2.83, 509738, $3.076, $3.24, $2.82
01/30/2019, $3.19, 34281, $3.23, $3.23, $3.08
01/29/2019, $3.21, 59466, $3.18, $3.37, $3.1334
01/28/2019, $3.2, 43266, $3.23, $3.35, $3.14
01/25/2019, $3.27, 9291, $3.55, $3.55, $3.2
01/24/2019, $3.26, 27528, $3.45, $3.45, $3.2
01/23/2019, $3.31, 43248, $3.305, $3.37, $3.205
01/22/2019, $3.49, 48963, $3.55, $3.57, $3.4
01/18/2019, $3.555, 87871, $3.46, $3.59, $3.43
01/17/2019, $3.445, 52252, $3.41, $3.46, $3.33
01/16/2019, $3.42, 21049, $3.34, $3.44, $3.34
01/15/2019, $3.34, 43305, $3.271, $3.34, $3.25
01/14/2019, $3.25, 44207, $3.46, $3.46, $3.24
01/11/2019, $3.45, 65506, $3.14, $3.54, $3.07
01/10/2019, $3.19, 12632, $3.1, $3.22, $3.1
01/09/2019, $3.1, 22098, $3.1, $3.2, $3.035
01/08/2019, $3.2, 33462, $3.04, $3.24, $2.93
01/07/2019, $3.03, 7302, $2.94, $3.04, $2.94
01/04/2019, $2.96, 32578, $2.69, $3.03, $2.69
01/03/2019, $2.65, 16332, $2.69, $2.8899, $2.65
01/02/2019, $2.7, 43245, $2.34, $2.76, $2.34
12/31/2018, $2.42, 201160, $2.49, $2.89, $2.42
12/28/2018, $2.49, 156019, $2.5, $2.6, $2.49
12/27/2018, $2.52, 414411, $2.63, $3.09, $2.52
12/26/2018, $2.64, 76290, $2.75, $3.09, $2.585
12/24/2018, $2.71, 21475, $2.61, $2.7499, $2.61
12/21/2018, $2.65, 94586, $2.67, $2.75, $2.62
12/20/2018, $2.66, 90398, $2.74, $2.8, $2.64
12/19/2018, $2.73, 122239, $3.06, $3.06, $2.73
12/18/2018, $2.93, 43888, $3.05, $3.05, $2.93
12/17/2018, $2.99, 115824, $3.03, $3.31, $2.93
12/14/2018, $3, 35569, $3, $3.14, $2.97
12/13/2018, $3.01, 53998, $3.37, $3.37, $2.97
12/12/2018, $3.07, 340384, $3.21, $3.35, $3.05
12/11/2018, $3.19, 88581, $3.33, $3.45, $3.1
12/10/2018, $3.32, 22307, $3.4, $3.55, $3.29
12/07/2018, $3.41, 39826, $3.38, $3.52, $3.38
12/06/2018, $3.4, 74210, $3.47, $3.725, $3.36
12/04/2018, $3.49, 74541, $4.06, $4.06, $3.22
12/03/2018, $4.07, 54462, $4.11, $4.17, $4.05
11/30/2018, $4.03, 47983, $3.99, $4.39, $3.9798
11/29/2018, $4.02, 141600, $4.01, $4.4, $3.92
11/28/2018, $4.06, 431961, $3.95, $4.1, $3.52
11/27/2018, $3.9, 242555, $4.17, $4.52, $3.88
11/26/2018, $4.08, 31182, $4.25, $4.25, $4
11/23/2018, $4.23, 17950, $4, $4.265, $4
11/21/2018, $4.08, 38940, $4.09, $4.22, $3.92
11/20/2018, $4.03, 44586, $4.08, $4.19, $4
11/19/2018, $4.16, 278007, $4.59, $4.59, $4.13
11/16/2018, $4.59, 23911, $4.46, $4.67, $4.19
11/15/2018, $4.51, 56361, $4.44, $4.62, $4.16
11/14/2018, $4.56, 44886, $5.25, $5.25, $4.55
11/13/2018, $5.16, 48916, $4.84, $5.17, $4.71
11/12/2018, $4.75, 35612, $5.6682, $5.6682, $4.75
11/09/2018, $5.15, 24520, $5.86, $5.86, $5.15
11/08/2018, $5.56, 25880, $5.66, $5.67, $5.41
11/07/2018, $5.6, 21464, $5.42, $5.7499, $5.17
11/06/2018, $5.44, 25649, $5.5, $5.79, $5
11/05/2018, $5.48, 31940, $5.65, $5.74, $5.41
11/02/2018, $5.55, 26728, $5.6984, $5.9676, $5.36
11/01/2018, $5.66, 27400, $5.226, $5.72, $5.2
10/31/2018, $5.13, 49282, $5.08, $5.22, $4.88
10/30/2018, $4.92, 28775, $5.22, $5.2814, $4.74
10/29/2018, $5.21, 40401, $5.6, $5.7761, $5.1
10/26/2018, $5.45, 34215, $5.37, $5.5818, $5.1601
10/25/2018, $5.48, 57116, $5.43, $6.09, $5
10/24/2018, $5.38, 117442, $5.71, $6, $5.35
10/23/2018, $5.95, 38982, $5.97, $6.11, $5.6201
10/22/2018, $5.99, 109037, $6.03, $6.14, $5.63
10/19/2018, $6.16, 50785, $5.89, $6.22, $5.89
10/18/2018, $5.87, 201789, $6.56, $6.6077, $5.77
10/17/2018, $6.6, 168527, $6.03, $6.82, $5.91
10/16/2018, $6.04, 173674, $5.94, $6.3024, $5.835
10/15/2018, $5.81, 141759, $5.99, $5.99, $5.604
10/12/2018, $6.01, 46141, $6.06, $6.1, $6.01
10/11/2018, $5.98, 54788, $5.92, $6.1, $5.79
10/10/2018, $5.97, 121664, $5.94, $6.33, $5.7801
10/09/2018, $5.9, 518342, $5.825, $6.25, $5.72
10/08/2018, $5.97, 38716, $5.71, $6.02, $5.57
10/05/2018, $5.68, 40585, $5.77, $5.9798, $5.5
10/04/2018, $5.72, 55744, $5.8, $6.31, $5.67
10/03/2018, $5.83, 78727, $5.48, $5.97, $5.375
10/02/2018, $5.43, 69025, $5.5917, $5.5917, $5.2
10/01/2018, $5.72, 43297, $5.71, $6.01, $5.65
09/28/2018, $5.67, 58306, $5.85, $5.85, $5.57
09/27/2018, $5.87, 44492, $5.87, $5.99, $5.74
09/26/2018, $5.84, 55393, $5.71, $5.97, $5.65
09/25/2018, $5.66, 62175, $5.99, $6.21, $5.43
09/24/2018, $5.96, 64838, $5.87, $5.98, $5.65
09/21/2018, $5.6, 229803, $5.96, $6.199, $5.5
09/20/2018, $5.95, 110038, $5.86, $6.15, $5.82
09/19/2018, $5.86, 46462, $6, $6.12, $5.81
09/18/2018, $5.94, 45438, $5.84, $6.27, $5.84
09/17/2018, $5.88, 53745, $5.79, $6.14, $5.79
09/14/2018, $5.79, 69332, $6.19, $6.19, $5.72
09/13/2018, $6.08, 49160, $6.18, $6.38, $6
09/12/2018, $6.11, 34883, $6.29, $6.4849, $5.98
09/11/2018, $6.25, 69992, $6.06, $6.41, $6.06
09/10/2018, $6.06, 45603, $6.01, $6.29, $5.8706
09/07/2018, $6.01, 83523, $6.09, $6.349, $5.93
09/06/2018, $6.1, 31744, $6.35, $6.3537, $6.011
09/05/2018, $6.33, 36538, $6.52, $6.52, $6.29
09/04/2018, $6.59, 26540, $6.68, $6.69, $6.3655
08/31/2018, $6.67, 13611, $6.47, $6.6859, $6.45
08/30/2018, $6.49, 26376, $6.6, $6.6957, $6.425
08/29/2018, $6.575, 23950, $6.54, $6.67, $6.51
08/28/2018, $6.61, 55467, $6.37, $6.83, $6.281
08/27/2018, $6.4, 28007, $6.68, $6.75, $6.3601
08/24/2018, $6.6, 68292, $6.46, $6.7, $6.3
08/23/2018, $6.46, 27453, $6.53, $6.55, $6.3801
08/22/2018, $6.56, 37779, $6.57, $6.83, $6.5
08/21/2018, $6.63, 101335, $6.6, $6.91, $6.58
08/20/2018, $6.6, 60833, $7.12, $7.12, $6.521
08/17/2018, $6.87, 55664, $6.72, $7.12, $6.68
08/16/2018, $6.57, 68398, $6.54, $6.87, $6.44
08/15/2018, $6.53, 19293, $6.55, $6.66, $6.29
08/14/2018, $6.55, 88959, $6.09, $6.9227, $6.005
08/13/2018, $6.06, 44180, $6.16, $6.16, $5.95
08/10/2018, $6.16, 83647, $6.25, $6.36, $5.9539
08/09/2018, $6.02, 78564, $6.08, $6.25, $5.9
08/08/2018, $6.02, 516521, $5.7, $6.3064, $5.59
08/07/2018, $5.67, 254815, $6.33, $6.4899, $5.63
08/06/2018, $6.08, 518397, $6.99, $7, $6.03
08/03/2018, $9.52, 16767, $9.705, $9.84, $9.5
08/02/2018, $9.77, 23327, $9.89, $10.105, $9.7
08/01/2018, $9.87, 18401, $9.95, $10.1095, $9.86
07/31/2018, $9.98, 37635, $10.19, $10.19, $9.846
07/30/2018, $10.13, 66002, $9.68, $10.18, $9.6
07/27/2018, $9.63, 9455, $9.71, $9.75, $9.58
07/26/2018, $9.63, 19619, $10.16, $10.16, $9.54
07/25/2018, $10.14, 46074, $10.66, $10.66, $10.07
07/24/2018, $10.18, 24668, $10.6, $10.96, $10.15
07/23/2018, $10.46, 24303, $10.69, $11.02, $10.3
07/20/2018, $10.73, 33343, $10.57, $10.89, $9.5301
07/19/2018, $10.58, 171829, $10.63, $10.88, $10.3154
07/18/2018, $10.68, 24960, $10.34, $10.8759, $10.34
07/17/2018, $10.4, 30217, $10.24, $10.72, $10.23
07/16/2018, $10.28, 90421, $11.11, $11.45, $10.13
07/13/2018, $11, 45540, $10, $11.1, $10
07/12/2018, $9.95, 22245, $9.62, $10, $9.5
07/11/2018, $9.56, 18549, $9.31, $9.749, $9.27
07/10/2018, $9.34, 21173, $9.72, $9.72, $9.04
07/09/2018, $9.68, 78786, $9.5, $9.843, $9.4
07/06/2018, $9.23, 33132, $8.75, $9.24, $8.75
07/05/2018, $8.68, 45203, $8.39, $9.02, $8.3181
07/03/2018, $8.35, 9202, $8.21, $8.4, $8.033
07/02/2018, $8.14, 39659, $7.76, $8.23, $7.69
06/29/2018, $7.8, 27582, $7.96, $8.1, $7.72
06/28/2018, $7.92, 46329, $7.98, $8.07, $7.795
06/27/2018, $8, 39340, $8.25, $8.27, $7.8828
06/26/2018, $8.27, 17116, $8.39, $8.44, $8.11
06/25/2018, $8.37, 38820, $8.3, $8.44, $8.08
06/22/2018, $8.46, 244666, $8.25, $8.52, $8.04
06/21/2018, $8.15, 30460, $8.66, $8.67, $8.05
06/20/2018, $8.7, 49266, $8.21, $8.8824, $8.21
06/19/2018, $8.19, 25295, $8, $8.27, $7.94
06/18/2018, $8.07, 33732, $8.08, $8.115, $7.93
06/15/2018, $8.09, 41548, $8, $8.15, $7.89
06/14/2018, $8.06, 35523, $8.2, $8.37, $7.97
06/13/2018, $8.15, 51632, $8.45, $8.62, $8.013
06/12/2018, $8.54, 24249, $8.51, $8.73, $8.46
06/11/2018, $8.45, 34332, $8.07, $8.59, $8.03
06/08/2018, $8.08, 20834, $8.12, $8.3, $8.06
06/07/2018, $8.12, 35752, $8.66, $8.75, $8.08
06/06/2018, $8.72, 26474, $8.24, $8.85, $8.24
06/05/2018, $8.23, 19906, $7.97, $8.48, $7.97
06/04/2018, $8.01, 25229, $8.15, $8.24, $7.91
06/01/2018, $8.13, 21189, $7.93, $8.36, $7.85
05/31/2018, $7.89, 13880, $7.74, $7.98, $7.72
05/30/2018, $7.73, 33208, $7.76, $7.95, $7.685
05/29/2018, $7.73, 34842, $7.64, $7.8, $7.381
05/25/2018, $7.65, 26059, $7.7, $7.91, $7.46
05/24/2018, $7.67, 36223, $8.12, $8.3, $7.64
05/23/2018, $8.15, 34653, $8.29, $8.52, $8.04
05/22/2018, $8.33, 40581, $8.56, $8.56, $8.235
05/21/2018, $8.28, 53844, $8.78, $8.9129, $8.14
05/18/2018, $8.73, 34892, $9.24, $9.35, $8.71
05/17/2018, $8.96, 36525, $8.8, $9.05, $8.73
05/16/2018, $8.78, 50716, $8.86, $9.0018, $8.6469
05/15/2018, $8.84, 26039, $8.92, $8.92, $8.76
05/14/2018, $8.96, 32282, $8.8, $9.339, $8.7906
05/11/2018, $8.8, 103875, $9, $9.19, $8.63
05/10/2018, $9, 53745, $9.4, $9.6, $8.98
05/09/2018, $9.4, 31683, $8.95, $9.54, $8.95
05/08/2018, $8.95, 25581, $8.99, $9.24, $8.82
05/07/2018, $8.97, 35359, $8.9, $9.23, $8.89
05/04/2018, $8.9, 43672, $9.12, $9.15, $8.77
05/03/2018, $9.16, 47772, $9.6, $9.77, $9.1182
05/02/2018, $9.65, 66401, $9.62, $9.84, $9.52
05/01/2018, $9.63, 54487, $9.46, $9.72, $9.33
04/30/2018, $9.48, 40389, $9.61, $9.84, $9.37
04/27/2018, $9.62, 79169, $10.02, $10.02, $9.56
04/26/2018, $10.02, 41058, $9.77, $10.07, $9.75
04/25/2018, $9.68, 20317, $9.99, $10.3413, $9.64
04/24/2018, $9.98, 29060, $10.1, $10.11, $9.94
04/23/2018, $10.05, 34608, $10.11, $10.11, $9.845
04/20/2018, $9.98, 54984, $10.36, $10.41, $9.8
04/19/2018, $10.14, 36958, $9.7, $10.18, $9.7
04/18/2018, $9.72, 24374, $9.75, $9.92, $9.69
04/17/2018, $9.71, 34987, $9.34, $9.75, $9.06
04/16/2018, $9.34, 41674, $9.12, $9.43, $9.06
04/13/2018, $9.07, 38768, $8.95, $9.23, $8.64
04/12/2018, $8.96, 74605, $8.99, $9.23, $8.54
04/11/2018, $8.91, 60184, $8.7, $8.97, $8.17
04/10/2018, $8.72, 117481, $7.92, $8.78, $7.66
04/09/2018, $7.84, 62401, $8.06, $8.06, $7.725
04/06/2018, $7.99, 156514, $8.07, $8.3995, $7.71
04/05/2018, $8.21, 176579, $6.9, $8.35, $6.51
04/04/2018, $6.85, 538163, $6.15, $6.92, $6.07
04/03/2018, $6.28, 114506, $6.35, $6.86, $5.8307
04/02/2018, $6.16, 342928, $7.04, $7.225, $5.69
03/29/2018, $7.07, 186392, $7.1, $7.26, $6.93
03/28/2018, $7.09, 109895, $7.09, $7.28, $7.02
03/27/2018, $7.18, 96991, $7.53, $7.68, $7.1
03/26/2018, $7.52, 134286, $7.85, $7.85, $7.2
03/23/2018, $7.7, 64107, $8.25, $8.34, $7.67
03/22/2018, $8.22, 33561, $7.78, $8.38, $7.78
03/21/2018, $7.85, 74505, $7.76, $8.15, $7.75
03/20/2018, $7.78, 100369, $8.43, $8.5848, $7.7
03/19/2018, $8.5, 131178, $8.61, $8.64, $8.1703
03/16/2018, $8.65, 845388, $8.54, $8.95, $8.5001
03/15/2018, $8.65, 253934, $8.75, $9.095, $8.41
03/14/2018, $8.39, 67233, $8.16, $8.46, $8.16
03/13/2018, $8.28, 75733, $8.39, $8.4811, $8.16
03/12/2018, $8.33, 86476, $8.69, $8.91, $8.09
03/09/2018, $8.49, 172404, $8.54, $8.65, $8.085
03/08/2018, $8, 54258, $7.92, $8.49, $7.84
03/07/2018, $7.85, 120475, $7.61, $8.26, $7.61
03/06/2018, $7.75, 212404, $7.45, $8.45, $7.32
03/05/2018, $7.36, 159334, $7.27, $7.83, $7.16
03/02/2018, $7.28, 150440, $6.78, $7.34, $6.78
03/01/2018, $6.9, 105340, $6.52, $7.36, $6.47
02/28/2018, $6.59, 79330, $6.59, $6.87, $6.55
02/27/2018, $6.53, 172483, $6.8, $6.885, $6.5
02/26/2018, $6.79, 84853, $6.99, $7, $6.74
02/23/2018, $6.87, 77473, $7, $7.065, $6.72
02/22/2018, $6.94, 99167, $6.8, $7.28, $6.8
02/21/2018, $6.83, 41621, $7.27, $7.27, $6.8
02/20/2018, $7.03, 106491, $6.96, $7.656, $6.9
02/16/2018, $7.04, 107847, $7.16, $7.61, $6.87
02/15/2018, $7.03, 68583, $7.25, $7.33, $6.9
02/14/2018, $7.14, 36948, $6.77, $7.244, $6.77
02/13/2018, $6.895, 62405, $6.95, $7.44, $6.72
02/12/2018, $7.04, 157766, $6.84, $7.75, $6.74
02/09/2018, $6.8, 72036, $6.92, $7.04, $6.57
02/08/2018, $6.73, 66470, $7.236, $7.35, $6.72
02/07/2018, $7.39, 83687, $8.23, $8.23, $7.35
02/06/2018, $7.9, 58888, $7.7, $8.48, $7.55
02/05/2018, $8, 73736, $8.25, $8.5, $8
02/02/2018, $8.4, 27173, $8.521, $8.64, $8.36
02/01/2018, $8.83, 73141, $8.3849, $9.0699, $8.3526
01/31/2018, $8.5, 138058, $8.32, $8.9787, $8.185
01/30/2018, $8.32, 67583, $8.2, $8.997, $7.82
01/29/2018, $8.34, 38905, $8.9613, $8.9613, $8.31
01/26/2018, $8.9, 49671, $8.77, $8.95, $8.625
01/25/2018, $8.7, 43649, $8.8, $8.8, $8.58
01/24/2018, $8.73, 142281, $9.35, $9.75, $8.15
01/23/2018, $9.33, 88859, $9.7, $9.9, $9.01
01/22/2018, $9.5, 98311, $9.26, $9.901, $9.2
01/19/2018, $9.18, 93201, $8.81, $9.27, $8.74
01/18/2018, $8.9, 111210, $9.15, $9.42, $8.83
01/17/2018, $9.15, 31783, $8.89, $9.37, $8.89
01/16/2018, $8.72, 77339, $9.48, $9.73, $8.42
01/12/2018, $9.52, 32078, $9.8, $9.97, $9.32
01/11/2018, $9.82, 30998, $9.57, $10, $9.57
01/10/2018, $9.51, 16311, $9.15, $9.54, $8.89
01/09/2018, $9.2, 62565, $8.85, $9.4312, $8.63
01/08/2018, $8.75, 75991, $9.74, $9.74, $8.7
01/05/2018, $9.64, 117714, $9.75, $9.86, $9.33
01/04/2018, $9.69, 38897, $9.8, $9.9, $9.415
01/03/2018, $9.68, 33547, $8.8847, $9.8188, $8.8847
01/02/2018, $9.81, 51047, $9.78, $10, $9.431
12/29/2017, $9.87, 37660, $10.04, $10.06, $9.87
12/28/2017, $9.98, 66774, $10.02, $10.06, $9.96
12/27/2017, $9.96, 75035, $10, $10.15, $9.895
12/26/2017, $10.01, 124326, $9.96, $10.37, $9.7669
12/22/2017, $9.92, 30158, $9.85, $10.05, $9.85
12/21/2017, $9.98, 41716, $9.76, $10.01, $9.76
12/20/2017, $9.97, 54695, $10.42, $10.42, $9.65
12/19/2017, $9.96, 114213, $9.35, $10.07, $9.24
12/18/2017, $9.29, 102127, $9.85, $10.24, $9.2
12/15/2017, $9.72, 192219, $10.21, $10.61, $9.7099
12/14/2017, $10.39, 93039, $10.38, $10.89, $10.22
12/13/2017, $10.42, 64941, $10.27, $10.71, $10.02
12/12/2017, $10.33, 57212, $11.5, $11.5, $10.2
12/11/2017, $10.45, 131108, $11.8, $12.19, $10.33
12/08/2017, $11.74, 102036, $12.09, $12.09, $11.335
12/07/2017, $11.98, 49866, $11.44, $12.15, $11.085
12/06/2017, $11.41, 68577, $11.09, $11.485, $10.58
12/05/2017, $11.08, 93459, $10.87, $11.23, $10.6
12/04/2017, $10.885, 72366, $11.44, $11.61, $10.58
12/01/2017, $11.52, 84086, $12.32, $12.32, $10.04
11/30/2017, $12.31, 98057, $11.26, $12.44, $10.965
11/29/2017, $11.21, 96225, $10.83, $11.73, $10.6
11/28/2017, $10.71, 20321, $10.81, $10.84, $10.46
11/27/2017, $10.79, 15414, $10.75, $10.85, $10.46
11/24/2017, $10.72, 19804, $11.23, $11.23, $10.58
11/22/2017, $11.21, 79846, $9.8, $11.45, $9.69
11/21/2017, $9.74, 23664, $9.53, $9.95, $9.53
11/20/2017, $9.62, 9490, $9.65, $9.75, $9.49
11/17/2017, $9.64, 15183, $9.5, $9.87, $9.5
11/16/2017, $9.43, 25307, $9.55, $9.94, $9.41
11/15/2017, $9.48, 15338, $9.39, $9.61, $9.22
11/14/2017, $9.44, 23823, $9.57, $9.57, $9.16
11/13/2017, $9.66, 106417, $9.05, $9.84, $8.99
11/10/2017, $9.03, 101345, $7.27, $9.25, $7.25
11/09/2017, $7.44, 57767, $7.91, $7.9273, $7.22
11/08/2017, $7.84, 28549, $7.92, $8.01, $7.45
11/07/2017, $7.77, 67527, $8.47, $9.02, $7.721
11/06/2017, $8.84, 75475, $8.05, $8.92, $7.77
11/03/2017, $7.74, 70881, $7.15, $8.1118, $7.03
11/02/2017, $7.1, 56001, $6.98, $7.2, $6.53
11/01/2017, $6.51, 28153, $6.66, $6.7, $6.2092
10/31/2017, $6.48, 38673, $6.45, $6.65, $6.25
10/30/2017, $6.37, 37975, $6.79, $7.0699, $6.22
10/27/2017, $6.58, 89661, $6.26, $6.6895, $6.08
10/26/2017, $6.25, 56196, $6.03, $6.37, $5.75
10/25/2017, $6.12, 153013, $6.2, $6.25, $5.731
10/24/2017, $6.31, 110135, $6.65, $6.89, $6.26
10/23/2017, $7, 132692, $7.3999, $7.55, $6.6498
10/20/2017, $7.4, 123474, $7.5, $7.68, $7.33
10/19/2017, $7.4, 65910, $8.241, $8.46, $7.274
10/18/2017, $8.23, 44898, $8.86, $8.86, $8.051
10/17/2017, $8.72, 72189, $8.74, $8.81, $8.51
10/16/2017, $8.75, 75155, $9.5, $9.5, $8.7228
10/13/2017, $8.78, 53954, $9.23, $9.29, $8.66
10/12/2017, $9.24, 38821, $9.31, $9.4, $9.199
10/11/2017, $9.24, 81907, $9.15, $9.35, $9.01
10/10/2017, $9.14, 132716, $9.04, $9.25, $8.5
10/09/2017, $8.43, 17311, $8.36, $8.49, $8.36
10/06/2017, $8.38, 46497, $8.845, $8.845, $8.33
10/05/2017, $8.62, 52480, $8.64, $8.8398, $8.4822
10/04/2017, $8.61, 62376, $8.65, $9, $8.44
10/03/2017, $8.64, 33573, $8.823, $8.9816, $8.29
10/02/2017, $8.61, 46719, $8.65, $9.17, $8.61
09/29/2017, $8.57, 13823, $8.718, $8.766, $8.55
09/28/2017, $8.59, 79225, $8.55, $8.82, $8.43
09/27/2017, $8.78, 29858, $8.43, $8.89, $8.43
09/26/2017, $8.49, 23059, $8.51, $8.55, $8.25
09/25/2017, $8.59, 22495, $8.46, $8.74, $8.45
09/22/2017, $8.46, 32805, $8.4, $8.6, $8.33
09/21/2017, $8.66, 25051, $9.1, $9.1, $8.45
09/20/2017, $8.96, 33378, $9.01, $9.1, $8.6999
09/19/2017, $8.84, 30918, $9.15, $9.38, $8.75
09/18/2017, $9.26, 38797, $9.2574, $9.53, $9.0671
09/15/2017, $9.4, 52162, $9.61, $9.7, $9.1
09/14/2017, $9.58, 73695, $8.87, $9.96, $8.87
09/13/2017, $8.78, 28808, $8.26, $8.95, $8.22
09/12/2017, $8.56, 38508, $8.08, $8.78, $7.96
09/11/2017, $7.95, 23191, $8.12, $8.15, $7.6324
09/08/2017, $8.14, 20368, $8.15, $8.36, $8.0571
09/07/2017, $8.33, 16029, $8.042, $8.34, $8.03
09/06/2017, $8.26, 40039, $8.15, $8.36, $8
09/05/2017, $8.38, 28228, $8.38, $8.5, $8.09
09/01/2017, $8.51, 43605, $9.29, $9.3, $8.32
08/31/2017, $9.42, 123488, $9.83, $9.9, $8.81
08/30/2017, $9.77, 131732, $9.05, $9.9, $8.3878
08/29/2017, $8.71, 100185, $7.72, $8.85, $7.32
08/28/2017, $7.17, 42585, $7.19, $7.25, $6.63
08/25/2017, $7.19, 52826, $7.25, $7.34, $6.65
08/24/2017, $7.18, 31389, $7.25, $7.5, $7.03
08/23/2017, $7.32, 65358, $8.27, $8.27, $7.145
08/22/2017, $8.25, 92687, $6.7, $8.34, $6.43
08/21/2017, $6.63, 24175, $6.3, $6.7025, $6.3
08/18/2017, $6.36, 19090, $6.18, $6.43, $6.18
08/17/2017, $6.35, 40709, $6.35, $6.8492, $6.05
08/16/2017, $6.45, 48808, $6.8, $6.82, $6.24
08/15/2017, $6.54, 53709, $6.6, $6.9099, $6.19
08/14/2017, $6.67, 136887, $6.24, $7.03, $5.75
08/11/2017, $6.26, 139349, $5.6, $6.58, $5.41
08/10/2017, $5.32, 58977, $6.51, $6.68, $5.28
08/09/2017, $6.36, 50706, $7.09, $7.31, $6.27
08/08/2017, $7.17, 35923, $7.48, $7.61, $7.09
08/07/2017, $7.53, 73992, $6.95, $7.81, $6.95
08/04/2017, $6.99, 52977, $7.37, $7.6238, $6.96
08/03/2017, $7.39, 65025, $7.86, $8, $7.34
08/02/2017, $7.86, 49447, $8.19, $8.19, $7.81
08/01/2017, $8.12, 47344, $8.14, $8.4089, $8.06
07/31/2017, $8.19, 42610, $8.4, $8.66, $8.11
07/28/2017, $8.11, 67052, $8.16, $8.95, $8.01
07/27/2017, $8.21, 56959, $8.95, $9.218, $7.8201
07/26/2017, $8.88, 23723, $8.86, $9.31, $8.78
07/25/2017, $8.86, 24008, $9.2, $9.2, $8.84
07/24/2017, $9.08, 39054, $9.17, $9.5458, $8.8443
07/21/2017, $9.15, 36240, $9.53, $9.57, $9.0601
07/20/2017, $9.35, 42927, $9.36, $9.63, $9.12
07/19/2017, $9.43, 70422, $9.6, $9.6658, $9.11
07/18/2017, $9.3, 22577, $9.07, $9.33, $9.05
07/17/2017, $9.32, 42285, $9.27, $9.572, $9.13
07/14/2017, $9.2, 46290, $9.23, $9.71, $9.05
07/13/2017, $9.29, 48056, $9.62, $9.8152, $9.225
07/12/2017, $9.65, 78149, $9.32, $9.9, $9.12
07/11/2017, $9.34, 47263, $8.97, $9.46, $8.95
07/10/2017, $8.99, 74402, $9.66, $9.86, $8.785
07/07/2017, $9.71, 45330, $10.1, $10.1, $9.58
07/06/2017, $10.06, 23651, $10.1, $10.3, $9.995
07/05/2017, $10.2, 50863, $10.15, $10.58, $9.97
07/03/2017, $10.23, 27977, $10.59, $10.8, $10.08
06/30/2017, $10.49, 25850, $10.83, $11, $10.37
06/29/2017, $10.7, 78615, $10.53, $10.7699, $10.13
06/28/2017, $10.6, 65709, $10.94, $10.94, $10.05
06/27/2017, $11.01, 179533, $11.5, $11.69, $10.3
06/26/2017, $11.45, 145879, $11.97, $12.19, $10.8075
06/23/2017, $11.84, 639253, $12.74, $12.97, $11.1668
06/22/2017, $12.66, 82054, $12.64, $14.03, $12.35
06/21/2017, $12.6, 60929, $12.79, $13.4075, $12.2504
06/20/2017, $12.83, 44105, $13.14, $14.348, $12.52
06/19/2017, $13.2, 46164, $13.34, $13.83, $12.77
06/16/2017, $13.26, 143907, $13.85, $14, $13.04
06/15/2017, $13.85, 26287, $13.78, $14.27, $13.69
06/14/2017, $13.91, 42067, $14.54, $14.54, $13.25
06/13/2017, $14.4, 51369, $13.11, $14.5, $12.21
06/12/2017, $13.21, 61599, $13.84, $14.7994, $12.21
06/09/2017, $13.84, 80254, $12.3, $13.93, $11.95
06/08/2017, $12.44, 102820, $11.29, $12.5, $10.8
06/07/2017, $11.38, 99435, $11.69, $12.01, $10.71
06/06/2017, $11.6, 75379, $12.3, $12.459, $11.49
06/05/2017, $12.4, 128057, $12.27, $12.81, $12.1
06/02/2017, $12.15, 138284, $11.56, $12.49, $11.55
06/01/2017, $11.68, 71970, $12.71, $12.76, $11.46
05/31/2017, $12.75, 59576, $13.36, $13.78, $12.525
05/30/2017, $13.42, 94812, $14.5, $14.5, $13.25
05/26/2017, $14.48, 22042, $14.62, $14.9, $14.46
05/25/2017, $14.57, 38677, $14.54, $14.95, $14.22
05/24/2017, $14.5, 43334, $14.95, $15.01, $13.4903
05/23/2017, $14.95, 44670, $14.56, $14.95, $13.91
05/22/2017, $14.97, 25766, $15, $15.05, $14.7601
05/19/2017, $15, 75171, $15, $15.1499, $14.63
05/18/2017, $14.95, 51389, $13.8, $15.929, $13.6001
05/17/2017, $13.73, 41787, $13.75, $13.7999, $13.2548
05/16/2017, $13.78, 63416, $13.71, $13.91, $13.54
05/15/2017, $13.91, 47982, $13.88, $14, $13.7
05/12/2017, $13.78, 49991, $13.51, $13.88, $13.1734
05/11/2017, $13.89, 31399, $13.93, $13.9999, $13.675
05/10/2017, $13.73, 71690, $13.35, $13.73, $12.7555
05/09/2017, $13.34, 44887, $12.8, $13.5, $12.5
05/08/2017, $12.79, 86913, $12.26, $12.9, $12.2
05/05/2017, $12.25, 1592121, $14, $14.48, $12.08
